-- MySQL dump 10.13  Distrib 5.7.11, for osx10.10 (x86_64)
--
-- Host: localhost    Database: vino_blog
-- ------------------------------------------------------
-- Server version	5.7.11

/*!40101 SET @OLD_CHARACTER_SET_CLIENT=@@CHARACTER_SET_CLIENT */;
/*!40101 SET @OLD_CHARACTER_SET_RESULTS=@@CHARACTER_SET_RESULTS */;
/*!40101 SET @OLD_COLLATION_CONNECTION=@@COLLATION_CONNECTION */;
/*!40101 SET NAMES utf8 */;
/*!40103 SET @OLD_TIME_ZONE=@@TIME_ZONE */;
/*!40103 SET TIME_ZONE='+00:00' */;
/*!40014 SET @OLD_UNIQUE_CHECKS=@@UNIQUE_CHECKS, UNIQUE_CHECKS=0 */;
/*!40014 SET @OLD_FOREIGN_KEY_CHECKS=@@FOREIGN_KEY_CHECKS, FOREIGN_KEY_CHECKS=0 */;
/*!40101 SET @OLD_SQL_MODE=@@SQL_MODE, SQL_MODE='NO_AUTO_VALUE_ON_ZERO' */;
/*!40111 SET @OLD_SQL_NOTES=@@SQL_NOTES, SQL_NOTES=0 */;

--
-- Current Database: `vino_blog`
--

CREATE DATABASE /*!32312 IF NOT EXISTS*/ `vino_blog` /*!40100 DEFAULT CHARACTER SET utf8 COLLATE utf8_unicode_ci */;

USE `vino_blog`;

--
-- Table structure for table `vino_blog_cate`
--

DROP TABLE IF EXISTS `vino_blog_cate`;
/*!40101 SET @saved_cs_client     = @@character_set_client */;
/*!40101 SET character_set_client = utf8 */;
CREATE TABLE `vino_blog_cate` (
  `term_id` bigint(20) unsigned NOT NULL AUTO_INCREMENT,
  `name` varchar(200) NOT NULL DEFAULT '',
  `slug` varchar(200) NOT NULL DEFAULT '',
  `term_group` bigint(10) NOT NULL DEFAULT '0',
  PRIMARY KEY (`term_id`),
  KEY `name` (`name`),
  KEY `slug` (`slug`)
) ENGINE=InnoDB AUTO_INCREMENT=10 DEFAULT CHARSET=utf8;
/*!40101 SET character_set_client = @saved_cs_client */;

--
-- Dumping data for table `vino_blog_cate`
--

LOCK TABLES `vino_blog_cate` WRITE;
/*!40000 ALTER TABLE `vino_blog_cate` DISABLE KEYS */;
INSERT INTO `vino_blog_cate` VALUES (7,'生活感悟','life',-1),(8,'影像世界','camera',-1),(9,'程序江湖','coder',-1);
/*!40000 ALTER TABLE `vino_blog_cate` ENABLE KEYS */;
UNLOCK TABLES;

--
-- Table structure for table `vino_blog_label`
--

DROP TABLE IF EXISTS `vino_blog_label`;
/*!40101 SET @saved_cs_client     = @@character_set_client */;
/*!40101 SET character_set_client = utf8 */;
CREATE TABLE `vino_blog_label` (
  `id` bigint(20) unsigned NOT NULL AUTO_INCREMENT,
  `post_id` bigint(20) unsigned NOT NULL DEFAULT '0',
  `label` varchar(255) NOT NULL DEFAULT '',
  `type` varchar(20) NOT NULL DEFAULT '',
  PRIMARY KEY (`id`),
  KEY `post_id` (`post_id`)
) ENGINE=InnoDB AUTO_INCREMENT=85 DEFAULT CHARSET=utf8;
/*!40101 SET character_set_client = @saved_cs_client */;

--
-- Dumping data for table `vino_blog_label`
--

LOCK TABLES `vino_blog_label` WRITE;
/*!40000 ALTER TABLE `vino_blog_label` DISABLE KEYS */;
INSERT INTO `vino_blog_label` VALUES (36,7,'相机','label'),(37,7,'7','category'),(38,7,'8','category'),(44,10,'9','category'),(49,8,'opencart','label'),(50,8,'9','category'),(54,9,'9','category'),(57,5,'monolog','label'),(58,5,'9','category'),(65,4,'歌曲','label'),(66,4,'7','category'),(72,12,'9','category'),(74,13,'9','category'),(80,6,'9','category'),(84,11,'7','category');
/*!40000 ALTER TABLE `vino_blog_label` ENABLE KEYS */;
UNLOCK TABLES;

--
-- Table structure for table `vino_blog_posts`
--

DROP TABLE IF EXISTS `vino_blog_posts`;
/*!40101 SET @saved_cs_client     = @@character_set_client */;
/*!40101 SET character_set_client = utf8 */;
CREATE TABLE `vino_blog_posts` (
  `id` bigint(20) unsigned NOT NULL AUTO_INCREMENT,
  `post_author` bigint(20) unsigned NOT NULL DEFAULT '0',
  `post_date` datetime NOT NULL DEFAULT '0000-00-00 00:00:00',
  `post_content` longtext NOT NULL,
  `post_title` varchar(1000) NOT NULL DEFAULT '',
  `post_status` varchar(20) NOT NULL DEFAULT 'publish',
  `post_modified` datetime NOT NULL DEFAULT '0000-00-00 00:00:00',
  `post_type` varchar(20) NOT NULL DEFAULT 'post',
  `post_md` longtext,
  `post_thumb` varchar(2000) NOT NULL DEFAULT '',
  `post_desc` varchar(2000) NOT NULL DEFAULT '',
  `post_origin` varchar(2000) NOT NULL DEFAULT '',
  PRIMARY KEY (`id`),
  KEY `post_author` (`post_author`),
  KEY `type_status_date` (`post_type`,`post_status`,`post_date`)
) ENGINE=InnoDB AUTO_INCREMENT=14 DEFAULT CHARSET=utf8;
/*!40101 SET character_set_client = @saved_cs_client */;

--
-- Dumping data for table `vino_blog_posts`
--

LOCK TABLES `vino_blog_posts` WRITE;
/*!40000 ALTER TABLE `vino_blog_posts` DISABLE KEYS */;
INSERT INTO `vino_blog_posts` VALUES (4,1,'2017-03-24 05:00:55','<h1 id=\"h1-u5439u554Au5439u554Au5C0Fu6728u9A6Cu554A\"><a name=\"吹啊吹啊小木马啊\" class=\"reference-link\"></a><span class=\"header-link octicon octicon-link\"></span>吹啊吹啊小木马啊</h1><p>我得骄傲放纵<br>吹啊吹啊<br>无所谓啊<br>你看我在勇敢的微笑<br>你看我在回首啊</p>\n<h2 id=\"h2--\"><a name=\"怎么大风越狠，我心越荡\" class=\"reference-link\"></a><span class=\"header-link octicon octicon-link\"></span>怎么大风越狠，我心越荡</h2><p>看第二季时，对这首歌很喜欢，觉得很特别，一开始就抓耳，而且耐听。四组导师全部转身，网上的评价也都满好。于是拿来尝试分析下，不知道撸了多少遍，但依然是很耐听。</p>\n<p>期待下后面蔡健雅会怎么打磨。把对这首歌理出的特别的点，先列在前面。详细评析放在后面。</p>\n<p>1.整体方面，在标准的流行歌结构下，起承转合做的到位。同时在旋律、节奏律动、词、唱上都做出了特色。开头即抓人，高潮又能量满满，很具感染力。</p>\n<p>2.旋律上一个很大的特色，是较多六度、八度音程的跳进。整首曲子会显得跌宕起伏，不平，更多情绪和意外。</p>\n<p>3.音域较宽，有两个八度，G3到G5。主歌音域基本在G3到G4内，而副歌整提了一个八度，在G4到G5，对比强烈。</p>\n<p>4.副歌部分，节奏短促、密集，且多切分节奏，歌词多，很有律动感。仅从官能上，就让耳朵“爽”。+与主歌较平稳的进行对比强烈。</p>\n<p>5.词不刻意追求押韵，形式上不古板，显得随性、自然，符合这歌的立意。同时也通畅。</p>\n<p>6.词意积极向上，给自己励志，但绝不给别人灌鸡汤。区别于泛滥的爱来爱去、苦情、鸡汤歌之类的。</p>\n<p>7.词曲结合的比较好。</p>\n<p>8.音色、唱腔咬字有特色，有的地方觉得有些像田震。有的音不知道是因为颤音？还是什么，音高比较微妙，还有尾音的处理，所以有个别音去摸音高不大有把握，比谱面上要生动有韵味的多。野味十足！这方面也有人多给讲讲就好了。</p>\n<p>9.呈现出来的词曲人合一。这妹子看起来随性、自然，也有点古灵精怪，鞠躬讲话什么的还挺萌的。这歌就是写她自己，当前的年龄，当前的阶段，面对着一些不确定和外力，时有摇摆与畏缩的状态，但是又坚定，抱有勇气和力量想去面对未来、追求自由吧。</p>\n','野子-致我最爱的歌','publish','0000-00-00 00:00:00','post','#吹啊吹啊小木马啊\n我得骄傲放纵\n吹啊吹啊\n无所谓啊\n你看我在勇敢的微笑\n你看我在回首啊\n\n##怎么大风越狠，我心越荡\n\n\n看第二季时，对这首歌很喜欢，觉得很特别，一开始就抓耳，而且耐听。四组导师全部转身，网上的评价也都满好。于是拿来尝试分析下，不知道撸了多少遍，但依然是很耐听。\n\n期待下后面蔡健雅会怎么打磨。把对这首歌理出的特别的点，先列在前面。详细评析放在后面。\n\n1.整体方面，在标准的流行歌结构下，起承转合做的到位。同时在旋律、节奏律动、词、唱上都做出了特色。开头即抓人，高潮又能量满满，很具感染力。\n\n2.旋律上一个很大的特色，是较多六度、八度音程的跳进。整首曲子会显得跌宕起伏，不平，更多情绪和意外。\n\n3.音域较宽，有两个八度，G3到G5。主歌音域基本在G3到G4内，而副歌整提了一个八度，在G4到G5，对比强烈。\n\n4.副歌部分，节奏短促、密集，且多切分节奏，歌词多，很有律动感。仅从官能上，就让耳朵“爽”。+与主歌较平稳的进行对比强烈。\n\n5.词不刻意追求押韵，形式上不古板，显得随性、自然，符合这歌的立意。同时也通畅。\n\n6.词意积极向上，给自己励志，但绝不给别人灌鸡汤。区别于泛滥的爱来爱去、苦情、鸡汤歌之类的。\n\n7.词曲结合的比较好。\n\n8.音色、唱腔咬字有特色，有的地方觉得有些像田震。有的音不知道是因为颤音？还是什么，音高比较微妙，还有尾音的处理，所以有个别音去摸音高不大有把握，比谱面上要生动有韵味的多。野味十足！这方面也有人多给讲讲就好了。\n\n9.呈现出来的词曲人合一。这妹子看起来随性、自然，也有点古灵精怪，鞠躬讲话什么的还挺萌的。这歌就是写她自己，当前的年龄，当前的阶段，面对着一些不确定和外力，时有摇摆与畏缩的状态，但是又坚定，抱有勇气和力量想去面对未来、追求自由吧。\n','http://i2.hdslb.com/video/6c/6cad264d30004f0e46356be2533b9618.jpg','吹啊吹啊小木马啊我得骄傲放纵吹啊吹啊无所谓啊你看我在勇敢的微笑你看我在回首啊怎么大风越狠，我心越荡看第二季时，对这首歌很喜欢，觉得很特别，一开始就抓耳，而且耐听。四组导师全部转身，网上的评价也都满好。','http://i2.hdslb.com/video/6c/6cad264d30004f0e46356be2533b9618.jpg'),(5,1,'2017-02-09 05:32:25','<p>Monolog内置很多很实用的handler，它们几乎囊括了各种的使用场景，这里介绍一些使用的：</p>\n<pre><code class=\"lang-html\">StreamHandler：把记录写进PHP流，主要用于日志文件。\n\nSyslogHandler：把记录写进syslog。\n\nErrorLogHandler：把记录写进PHP错误日志。\n\nNativeMailerHandler：使用PHP的mail()函数发送日志记录。\n\nSocketHandler：通过socket写日志。\n\nRedisHandler：把记录写进Redis。\n\nMongoDBHandler：把记录写进Mongo。\n\nElasticSearchHandler：把记录写到ElasticSearch服务。\n</code></pre>\n<p>前面说过，Processor可以为日志记录添加额外的信息，Monolog也提供了一些很实用的processor：</p>\n<pre><code class=\"lang-html\">IntrospectionProcessor：增加当前脚本的文件名和类名等信息。\n\nWebProcessor：增加当前请求的URI、请求方法和访问IP等信息。\n\nMemoryUsageProcessor：增加当前内存使用情况信息。\n\nMemoryPeakUsageProcessor：增加内存使用高峰时的信息。\n</code></pre>\n<p>代码参考</p>\n<pre><code class=\"lang-php\">use Monolog\\Logger;\nuse Monolog\\Handler\\StreamHandler;\nuse Monolog\\Handler\\FirePHPHandler;\n\n// Create the logger\n$logger = new Logger(&#39;my_logger&#39;);\n\n// Now add some handlers\n$logger-&gt;pushHandler(new StreamHandler(__DIR__.&#39;/my_app.log&#39;, Logger::DEBUG));\n\n// Now add some processors\n$logger-&gt;pushProcessor(new WebProcessor());\n\n// You can now use your logger\n$logger-&gt;info(&#39;index page ok &#39;);\n</code></pre>\n<p>输出结果</p>\n<pre><code class=\"lang-json\">[2017-01-02 14:43:53] mphp_log.INFO: index page ok [] {&quot;url&quot;:&quot;/mphp/&quot;,&quot;ip&quot;:&quot;127.0.0.1&quot;,&quot;http_method&quot;:&quot;GET&quot;,&quot;server&quot;:&quot;localhost&quot;,&quot;referrer&quot;:&quot;NULL&quot;}\n</code></pre>\n','monolog 相关知识','delete','0000-00-00 00:00:00','post','Monolog内置很多很实用的handler，它们几乎囊括了各种的使用场景，这里介绍一些使用的：\n\n```html\nStreamHandler：把记录写进PHP流，主要用于日志文件。\n\nSyslogHandler：把记录写进syslog。\n\nErrorLogHandler：把记录写进PHP错误日志。\n\nNativeMailerHandler：使用PHP的mail()函数发送日志记录。\n\nSocketHandler：通过socket写日志。\n\nRedisHandler：把记录写进Redis。\n\nMongoDBHandler：把记录写进Mongo。\n\nElasticSearchHandler：把记录写到ElasticSearch服务。\n\n```\n\n\n\n前面说过，Processor可以为日志记录添加额外的信息，Monolog也提供了一些很实用的processor：\n\n```html\nIntrospectionProcessor：增加当前脚本的文件名和类名等信息。\n\nWebProcessor：增加当前请求的URI、请求方法和访问IP等信息。\n\nMemoryUsageProcessor：增加当前内存使用情况信息。\n\nMemoryPeakUsageProcessor：增加内存使用高峰时的信息。\n\n```\n\n\n\n代码参考\n\n```php\nuse Monolog\\Logger;\nuse Monolog\\Handler\\StreamHandler;\nuse Monolog\\Handler\\FirePHPHandler;\n\n// Create the logger\n$logger = new Logger(\'my_logger\');\n\n// Now add some handlers\n$logger->pushHandler(new StreamHandler(__DIR__.\'/my_app.log\', Logger::DEBUG));\n\n// Now add some processors\n$logger->pushProcessor(new WebProcessor());\n\n// You can now use your logger\n$logger->info(\'index page ok \');\n```\n\n\n\n输出结果\n\n```json\n[2017-01-02 14:43:53] mphp_log.INFO: index page ok [] {\"url\":\"/mphp/\",\"ip\":\"127.0.0.1\",\"http_method\":\"GET\",\"server\":\"localhost\",\"referrer\":\"NULL\"}\n```','http://localhost/vino_blog/attachment/thumbnail/05.jpg','Monolog内置很多很实用的handler，它们几乎囊括了各种的使用场景，这里介绍一些使用的：StreamHandler：把记录写进PHP流，主要用于日志文件。SyslogHandler：把记录写进syslog。ErrorLogHandler：把记录写进PHP错误日志。NativeMailerHandler：使','http://localhost/vino_blog/attachment/05.jpg'),(6,1,'2017-03-24 07:51:37','<p>首先，我们要安装脚手架工具vue-cli</p>\n<pre><code>npm install -g vue-cli\n</code></pre><p>然后，初始化webpack模版</p>\n<pre><code>vue init webpack my_project\n\n上面命令默认安装的是vue2.0，如果要使用vue1.x的话，执行下面操作：\n\nnpm install -g vue-cli\nvue init webpack#1.0 my-project\ncd  my-project\nnpm install\nnpm run dev\n</code></pre><p>接下来，我们安装vue-router</p>\n<pre><code>npm install vue-router --save\n\n默认安装的是最新版本，如果我们需要老的版本，同样需要指定版本号：\n\nnpm install vue-router@0.7.13  --save\n\n安装好后，可以在package.json中的dependencies中看到\n</code></pre><p>最后，我们看下项目结构</p>\n<pre><code>项目目录结构如下：\n\n├── build/                      # webpack config files\n│   └── ...\n├── config/                     \n│   ├── index.js                # main project config\n│   └── ...\n├── src/\n│   ├── main.js                 # app entry file\n│   ├── App.vue                 # main app component\n│   ├── components/             # ui components\n│   │   └── ...\n│   └── assets/                 # module assets (processed by webpack)\n│       └── ...\n├── static/                     # pure static assets (directly copied)\n├── test/\n│   └── unit/                   # unit tests\n│   │   ├── specs/              # test spec files\n│   │   ├── index.js            # test build entry file\n│   │   └── karma.conf.js       # test runner config file\n│   └── e2e/                    # e2e tests\n│   │   ├── specs/              # test spec files\n│   │   ├── custom-assertions/  # custom assertions for e2e tests\n│   │   ├── runner.js           # test runner script\n│   │   └── nightwatch.conf.js  # test runner config file\n├── .babelrc                    # babel config\n├── .editorconfig.js            # editor config\n├── .eslintrc.js                # eslint config\n├── index.html                  # index.html template\n└── package.json                # build scripts and dependencies\n</code></pre><p>开始使用vue</p>\n<pre><code>npm run dev\n\n然后可以在浏览器中访问http://localhost:8080 查看我们的项目\n</code></pre>','用vue-cli生成vue+webpack+vue-router的项目','publish','0000-00-00 00:00:00','post','首先，我们要安装脚手架工具vue-cli\n\n    npm install -g vue-cli\n\n然后，初始化webpack模版\n\n    vue init webpack my_project\n\n	上面命令默认安装的是vue2.0，如果要使用vue1.x的话，执行下面操作：\n\n    npm install -g vue-cli\n    vue init webpack#1.0 my-project\n    cd  my-project\n    npm install\n    npm run dev\n\n接下来，我们安装vue-router\n\n    npm install vue-router --save\n\n	默认安装的是最新版本，如果我们需要老的版本，同样需要指定版本号：\n\n    npm install vue-router@0.7.13  --save\n\n	安装好后，可以在package.json中的dependencies中看到\n\n最后，我们看下项目结构\n\n	项目目录结构如下：\n\n    ├── build/                      # webpack config files\n    │   └── ...\n    ├── config/                     \n    │   ├── index.js                # main project config\n    │   └── ...\n    ├── src/\n    │   ├── main.js                 # app entry file\n    │   ├── App.vue                 # main app component\n    │   ├── components/             # ui components\n    │   │   └── ...\n    │   └── assets/                 # module assets (processed by webpack)\n    │       └── ...\n    ├── static/                     # pure static assets (directly copied)\n    ├── test/\n    │   └── unit/                   # unit tests\n    │   │   ├── specs/              # test spec files\n    │   │   ├── index.js            # test build entry file\n    │   │   └── karma.conf.js       # test runner config file\n    │   └── e2e/                    # e2e tests\n    │   │   ├── specs/              # test spec files\n    │   │   ├── custom-assertions/  # custom assertions for e2e tests\n    │   │   ├── runner.js           # test runner script\n    │   │   └── nightwatch.conf.js  # test runner config file\n    ├── .babelrc                    # babel config\n    ├── .editorconfig.js            # editor config\n    ├── .eslintrc.js                # eslint config\n    ├── index.html                  # index.html template\n    └── package.json                # build scripts and dependencies\n\n开始使用vue\n\n    npm run dev\n\n	然后可以在浏览器中访问http://localhost:8080 查看我们的项目\n','http://s1.51cto.com/wyfs02/M02/8A/A1/wKiom1g1d4KzJLj_AAENEPluz5E910.jpg-wh_651x-s_1750868483.jpg','首先，我们要安装脚手架工具vue-clinpminstall-gvue-cli然后，初始化webpack模版vueinitwebpackmy_project上面命令默认安装的是vue2.0，如果要使用vue1.x的话，执行下面操作：npminstall-gvue-clivueinitwebpack#1.0my-projectcdmy-projectnpminstallnpmrundev接下来，','http://s1.51cto.com/wyfs02/M02/8A/A1/wKiom1g1d4KzJLj_AAENEPluz5E910.jpg-wh_651x-s_1750868483.jpg'),(7,1,'2017-01-24 10:17:40','<p>这几个月出去旅行的次数比较多，A7S2搭配35mm,50mm和28-70mm三个镜头的组合，基本能满足我的摄影和摄像的需求。但是，总觉得缺了点什么，有些时候（尤其是吃饭的时候），单机还是会觉得略不方便。</p>\n<p><img src=\"https://luoleiorg.b0.upaiyun.com/blog/2016/11/rx100/RX100-04319.jpg\" alt=\"\"></p>\n<p>同A7系列一样，黑橙配色搭配的盒子。</p>\n<p><img src=\"https://luoleiorg.b0.upaiyun.com/blog/2016/11/rx100/RX100-04315.jpg\" alt=\"\"></p>\n<p><img src=\"https://luoleiorg.b0.upaiyun.com/blog/2016/11/rx100/RX100-04323.jpg\" alt=\"\"></p>\n<p>打开箱子，质保卡，说明书，充电线，还有我们的黑卡5，由于已经用了一个多星期了，这张照片里面的黑卡5镜头装了KASE的UV镜。<br><img src=\"https://luoleiorg.b0.upaiyun.com/blog/2016/11/rx100/RX100-02681.JPG\" alt=\"\"></p>\n<p><img src=\"https://luoleiorg.b0.upaiyun.com/blog/2016/11/rx100/RX100-02690.JPG\" alt=\"\"></p>\n<p>整个机身十分简洁，用惯了A7的我拿到手里第一感受就是「纳尼，居然这么小」，好处是「小」，坏处也是「小」，总感觉会掉，不装个手绳不放心。</p>\n<p><img src=\"https://luoleiorg.b0.upaiyun.com/blog/2016/11/rx100/RX100-02687.JPG\" alt=\"\"></p>\n<p>侧身照，索尼这么多年工业设计功底在这里，黑卡5给人的感觉就是很精致和漂亮。</p>\n<p><img src=\"https://luoleiorg.b0.upaiyun.com/blog/2016/11/rx100/RX100-02697.JPG\" alt=\"\"></p>\n','索尼RX100 M5开箱验机','publish','0000-00-00 00:00:00','post','这几个月出去旅行的次数比较多，A7S2搭配35mm,50mm和28-70mm三个镜头的组合，基本能满足我的摄影和摄像的需求。但是，总觉得缺了点什么，有些时候（尤其是吃饭的时候），单机还是会觉得略不方便。\n\n![](https://luoleiorg.b0.upaiyun.com/blog/2016/11/rx100/RX100-04319.jpg)\n\n同A7系列一样，黑橙配色搭配的盒子。\n\n![](https://luoleiorg.b0.upaiyun.com/blog/2016/11/rx100/RX100-04315.jpg)\n\n![](https://luoleiorg.b0.upaiyun.com/blog/2016/11/rx100/RX100-04323.jpg)\n\n打开箱子，质保卡，说明书，充电线，还有我们的黑卡5，由于已经用了一个多星期了，这张照片里面的黑卡5镜头装了KASE的UV镜。\n![](https://luoleiorg.b0.upaiyun.com/blog/2016/11/rx100/RX100-02681.JPG)\n\n![](https://luoleiorg.b0.upaiyun.com/blog/2016/11/rx100/RX100-02690.JPG)\n\n整个机身十分简洁，用惯了A7的我拿到手里第一感受就是「纳尼，居然这么小」，好处是「小」，坏处也是「小」，总感觉会掉，不装个手绳不放心。\n\n![](https://luoleiorg.b0.upaiyun.com/blog/2016/11/rx100/RX100-02687.JPG)\n\n侧身照，索尼这么多年工业设计功底在这里，黑卡5给人的感觉就是很精致和漂亮。\n\n![](https://luoleiorg.b0.upaiyun.com/blog/2016/11/rx100/RX100-02697.JPG)\n','https://luoleiorg.b0.upaiyun.com/blog/2016/11/rx100/RX100-04315.jpg','这几个月出去旅行的次数比较多，A7S2搭配35mm,50mm和28-70mm三个镜头的组合，基本能满足我的摄影和摄像的需求。但是，总觉得缺了点什么，有些时候（尤其是吃','https://luoleiorg.b0.upaiyun.com/blog/2016/11/rx100/RX100-04315.jpg'),(8,1,'2017-02-09 12:13:24','<p>国内外比较知名的商城系统有ecshop、zencart、magento等，这几个是比较老牌且知名度较高的商城系统。但是我去找了下这几个现在都很难找到免费的安装包，都已经商业化了，需要付费才能用。后面经过一番搜索发现了opencart这个系统。</p>\n<p>下面说下如何快速安装部署这个系统。</p>\n<p>1，购买vps，选用的是搬瓦工最便宜的vps，速度还可以值得推荐。</p>\n<p>2，在vps上安装nginx+php-fpm+mysql的应用环境。</p>\n<p>​    centos系统，首先要更新所有rmp包++<code>yum+update</code></p>\n<p>​    <strong>安装nginx</strong></p>\n<p>​    编译安装方式</p>\n<pre><code class=\"lang-shell\">    wget+http://nginx.org/download/nginx-1.5.9.tar.gz\n\n    tar+-zxvf+nginx-1.5.9.tar.gz\n\n    cd+nginx-1.5.9\n\n    ./configure+--prefix=/usr/local/nginx\n\n    make+&amp;&amp;+make+install\n</code></pre>\n<ul>\n<li>编译过程中需要手动解决依赖问题。</li></ul>\n<p>​    <strong>安装php-fpm</strong></p>\n<p>​    编译安装方式</p>\n<pre><code class=\"lang-shell\">wget+http://cn2.php.net/distributions/php-5.4.7.tar.gz\ntar+zvxf+php-5.4.7.tar.gz\ncd+php-5.4.7\n./configure+--prefix=/usr/local/php++--enable-fpm+--with-mcrypt+\n--enable-mbstring+--disable-pdo+--with-curl+--disable-debug++--disable-rpath+\n--enable-inline-optimization+--with-bz2++--with-zlib+--enable-sockets+\n--enable-sysvsem+--enable-sysvshm+--enable-pcntl+--enable-mbregex+\n--with-mhash+--enable-zip+--with-pcre-regex+--with-mysql+--with-mysqli+\n--with-gd+--with-jpeg-dir\nmake+all+install\n</code></pre>\n<p>​    安装成功后需要复制安装目录下的php-fpm.conf.default+文件为php-fpm.conf，路径可放在/etc/下也可放在安装目录的/etc下。</p>\n<p>​    <strong>安装mysql</strong></p>\n<p>​    yum安装方式</p>\n<pre><code class=\"lang-shell\">yum+install+-y+mysql-server+mysql+mysql-devel\n</code></pre>\n<p>​    也可以采用源码安装，大多数时候为了省事还是yum直接安装吧。</p>\n<pre><code class=\"lang-mysql\">mysql+-uroot+-p+第一次进入是没有密码的，直接回车\nSET+PASSWORD+FOR+&#39;root&#39;@&#39;localhost&#39;=PASSWORD(&#39;123456&#39;)+这里通过语句设置了root的密码为123456\n</code></pre>\n<p>​    <strong>让nginx支持PHP</strong></p>\n<pre><code class=\"lang-nginx\">    location+~+\\.php$+{\n++++++++++++fastcgi_pass+++127.0.0.1:9000;\n++++++++++++fastcgi_index++index.php;\n++++++++++++fastcgi_param++SCRIPT_FILENAME+$document_root$fastcgi_script_name;\n++++++++++++fastcgi_param++PATH_INFO+$fastcgi_script_name;\n++++++++++++include++++++++fastcgi_params;\n++++++++}\n</code></pre>\n<p>​    修改nginx.conf中的以下代码，默认情况下是被注释的。需要注意的是确保web目录的可访问权限，当对目录权限严格限制的时候，最好保证nginx与php进程的用户和用户组一致。（linux里所有程序都是文件，都具有权限问题，指定用户运行是为了确保文件的安全性及系统安全性）如果没有访问权限，访问php文件时会出现404而不是403。</p>\n<p>​    <strong>配置mysql.sock</strong></p>\n<pre><code class=\"lang-mysql\">pdo_mysql.default_socket=+/var/lib/mysql/mysql.sock\nmysql.default_socket+=+/var/lib/mysql/mysql.sock\nmysqli.default_socket+=+/var/lib/mysql/mysql.sock\n</code></pre>\n<p>​    配置这个是为了防止php使用的socket路径与mysql不一致造成无法连接的问题。</p>\n<p>​    <strong>安装opencart</strong></p>\n<pre><code class=\"lang-shell\">wget\nhttps://codeload.github.com/mycncart/opencart_international/zip/opencart_international_2.3.0.2\n\nunzip+opencart_international_2.3.0.2.zip\n</code></pre>\n<p>​    解压目录后只需要把upload目录下的所有文件放到web根目录下即可，然后通过浏览器访问实现安装。安装流程可以参考解压后的install.txt文件。</p>\n<p>​    </p>\n<p>​    ok，以上所有安装流程已经结束！</p>\n<p>​    </p>\n','opencart --如何快速搭建商城系统','delete','0000-00-00 00:00:00','post','国内外比较知名的商城系统有ecshop、zencart、magento等，这几个是比较老牌且知名度较高的商城系统。但是我去找了下这几个现在都很难找到免费的安装包，都已经商业化了，需要付费才能用。后面经过一番搜索发现了opencart这个系统。\n\n下面说下如何快速安装部署这个系统。\n\n1，购买vps，选用的是搬瓦工最便宜的vps，速度还可以值得推荐。\n\n2，在vps上安装nginx+php-fpm+mysql的应用环境。\n\n​	centos系统，首先要更新所有rmp包++```yum+update```\n\n​	**安装nginx**\n\n​	编译安装方式\n\n```shell\n	wget+http://nginx.org/download/nginx-1.5.9.tar.gz\n\n	tar+-zxvf+nginx-1.5.9.tar.gz\n\n	cd+nginx-1.5.9\n\n	./configure+--prefix=/usr/local/nginx\n\n	make+&&+make+install\n\n```\n\n+	编译过程中需要手动解决依赖问题。\n\n​	**安装php-fpm**\n\n​	编译安装方式\n\n```shell\nwget+http://cn2.php.net/distributions/php-5.4.7.tar.gz\ntar+zvxf+php-5.4.7.tar.gz\ncd+php-5.4.7\n./configure+--prefix=/usr/local/php++--enable-fpm+--with-mcrypt+\n--enable-mbstring+--disable-pdo+--with-curl+--disable-debug++--disable-rpath+\n--enable-inline-optimization+--with-bz2++--with-zlib+--enable-sockets+\n--enable-sysvsem+--enable-sysvshm+--enable-pcntl+--enable-mbregex+\n--with-mhash+--enable-zip+--with-pcre-regex+--with-mysql+--with-mysqli+\n--with-gd+--with-jpeg-dir\nmake+all+install\n```\n\n​	安装成功后需要复制安装目录下的php-fpm.conf.default+文件为php-fpm.conf，路径可放在/etc/下也可放在安装目录的/etc下。\n\n​	**安装mysql**\n\n​	yum安装方式\n\n```shell\nyum+install+-y+mysql-server+mysql+mysql-devel\n```\n\n​	也可以采用源码安装，大多数时候为了省事还是yum直接安装吧。\n\n```mysql\nmysql+-uroot+-p+第一次进入是没有密码的，直接回车\nSET+PASSWORD+FOR+\'root\'@\'localhost\'=PASSWORD(\'123456\')+这里通过语句设置了root的密码为123456\n```\n\n​	**让nginx支持PHP**\n\n```nginx\n	location+~+\\.php$+{\n++++++++++++fastcgi_pass+++127.0.0.1:9000;\n++++++++++++fastcgi_index++index.php;\n++++++++++++fastcgi_param++SCRIPT_FILENAME+$document_root$fastcgi_script_name;\n++++++++++++fastcgi_param++PATH_INFO+$fastcgi_script_name;\n++++++++++++include++++++++fastcgi_params;\n++++++++}\n```\n\n​	修改nginx.conf中的以下代码，默认情况下是被注释的。需要注意的是确保web目录的可访问权限，当对目录权限严格限制的时候，最好保证nginx与php进程的用户和用户组一致。（linux里所有程序都是文件，都具有权限问题，指定用户运行是为了确保文件的安全性及系统安全性）如果没有访问权限，访问php文件时会出现404而不是403。\n\n​	**配置mysql.sock**\n\n```mysql\npdo_mysql.default_socket=+/var/lib/mysql/mysql.sock\nmysql.default_socket+=+/var/lib/mysql/mysql.sock\nmysqli.default_socket+=+/var/lib/mysql/mysql.sock\n```\n\n​	配置这个是为了防止php使用的socket路径与mysql不一致造成无法连接的问题。\n\n​	**安装opencart**\n\n```shell\nwget\nhttps://codeload.github.com/mycncart/opencart_international/zip/opencart_international_2.3.0.2\n\nunzip+opencart_international_2.3.0.2.zip\n```\n\n​	解压目录后只需要把upload目录下的所有文件放到web根目录下即可，然后通过浏览器访问实现安装。安装流程可以参考解压后的install.txt文件。\n\n​	\n\n​	ok，以上所有安装流程已经结束！\n\n​	','http://localhost/vino_blog/attachment/thumbnail/psb11%20%282%29.jpg','国内外比较知名的商城系统有ecshop、zencart、magento等，这几个是比较老牌且知名度较高的商城系统。但是我去找了下这几个现在都很难找到免费的安装包，都已经商业化了，需要付费才能用。后面经过一番搜索发现了opencart这个','http://localhost/vino_blog/attachment/psb11%20%282%29.jpg'),(9,1,'2017-02-09 12:18:39','<p>操作多维的核心就是遍历＋递归，下面是一种实现方法：</p>\n<pre><code class=\"lang-php\">$s = [\n        4 =&gt; array(\n            [\n            0 =&gt; array(\n                1 =&gt; &#39;{&quot;lnglat&quot;:[&quot;113.943359&quot;,&quot;22.54567&quot;], &quot;s&quot;:&quot;1&quot;}&#39;,\n                2 =&gt; &#39;{&quot;lnglat&quot;:[&quot;113.944756&quot;,&quot;22.547728&quot;], &quot;s&quot;:&quot;1&quot;}&#39;,\n                3 =&gt; &#39;{&quot;lnglat&quot;:[&quot;113.944443&quot;,&quot;22.5483&quot;], &quot;s&quot;:&quot;3&quot;}&#39;\n            ),\n            1 =&gt; array(\n                0 =&gt; &#39;{&quot;lnglat&quot;:[&quot;113.943359&quot;,&quot;22.5555&quot;], &quot;s&quot;:&quot;1&quot;}&#39;,\n                2 =&gt; &#39;{&quot;lnglat&quot;:[&quot;113.944756&quot;,&quot;22.62345&quot;], &quot;s&quot;:&quot;1&quot;}&#39;,\n                3 =&gt; &#39;{&quot;lnglat&quot;:[&quot;113.944443&quot;,&quot;22.33333&quot;], &quot;s&quot;:&quot;3&quot;}&#39;\n            )\n            ]\n        )    \n    ];\n    print_r($s);\n\n    $rs = &#39;&#39;;\n    function arrayToString($arr){\n        global $rs;\n        if(is_array($arr)) {\n            foreach ($arr as $key =&gt; $value) {\n              if(count($value) == count($value,1)){  \n                   $rs .= implode(&quot;&quot;, $value);  \n              }else{  \n                  arrayToString($value);\n              }  \n            }\n        }else{\n            $rs .= $arr;\n        }\n    }\n\n    arrayToString($s);\n    echo $rs;\n</code></pre>\n<p>说明下上述代码中有个核心点就是判断数组是否是一维数组。传进去是多维需要不断的递归让他回到一维我们才能够操作需要的value。判断一维的方法就是使用count方法，通常情况下，我们只使用一个参数计算数组的长度，然而，它还有第二个参数，它可以递归对数组计数，对计算多维数组的长度特别有用。可以参考<a href=\"http://php.net/manual/zh/function.count.php\">http://php.net/manual/zh/function.count.php</a></p>\n','PHP多维数组转一维或合并成字符串','delete','0000-00-00 00:00:00','post','操作多维的核心就是遍历＋递归，下面是一种实现方法：\n```php\n$s = [\n        4 => array(\n            [\n            0 => array(\n                1 => \'{\"lnglat\":[\"113.943359\",\"22.54567\"], \"s\":\"1\"}\',\n                2 => \'{\"lnglat\":[\"113.944756\",\"22.547728\"], \"s\":\"1\"}\',\n                3 => \'{\"lnglat\":[\"113.944443\",\"22.5483\"], \"s\":\"3\"}\'\n            ),\n            1 => array(\n                0 => \'{\"lnglat\":[\"113.943359\",\"22.5555\"], \"s\":\"1\"}\',\n                2 => \'{\"lnglat\":[\"113.944756\",\"22.62345\"], \"s\":\"1\"}\',\n                3 => \'{\"lnglat\":[\"113.944443\",\"22.33333\"], \"s\":\"3\"}\'\n            )\n            ]\n        )    \n    ];\n    print_r($s);\n\n    $rs = \'\';\n    function arrayToString($arr){\n        global $rs;\n        if(is_array($arr)) {\n            foreach ($arr as $key => $value) {\n              if(count($value) == count($value,1)){  \n                   $rs .= implode(\"\", $value);  \n              }else{  \n                  arrayToString($value);\n              }  \n            }\n        }else{\n            $rs .= $arr;\n        }\n    }\n\n    arrayToString($s);\n    echo $rs;\n```\n\n说明下上述代码中有个核心点就是判断数组是否是一维数组。传进去是多维需要不断的递归让他回到一维我们才能够操作需要的value。判断一维的方法就是使用count方法，通常情况下，我们只使用一个参数计算数组的长度，然而，它还有第二个参数，它可以递归对数组计数，对计算多维数组的长度特别有用。可以参考http://php.net/manual/zh/function.count.php\n','http://localhost/vino_blog/attachment/thumbnail/0530190016.jpg','操作多维的核心就是遍历＋递归，下面是一种实现方法：$s=[4=&gt;array([0=&gt;array(1=&gt;&#39;{&quot;lnglat&quot;:[&quot;113.943359&quot;,&quot;22.54567&quot;],&quot;s&quot;:&quot;1&quot;}&#39;,2=&gt;&#39;{&quot;lnglat&quot;:[&quot;113.944756&quot;,&quot;22.547728&quot;],&quot;s','http://localhost/vino_blog/attachment/0530190016.jpg'),(10,1,'2017-02-09 04:47:20','<p><strong>html</strong></p>\n<pre><code class=\"lang-html\">&lt;div id=&quot;demo&quot;&gt;\n    &lt;span&gt;我是一个span&lt;/span&gt;\n    &lt;span&gt;我是一个span&lt;/span&gt;\n    &lt;span&gt;我是一个span&lt;/span&gt;\n    &lt;span&gt;我是一个span&lt;/span&gt;\n&lt;/div&gt;\n</code></pre>\n<p><strong>css</strong></p>\n<pre><code class=\"lang-css\">#demo span {\n    display:inline-block;\n}\n</code></pre>\n<p><strong>效果</strong></p>\n<p>可以看到各个span间是有间隙的。</p>\n<p><strong>间隙由来</strong></p>\n<p>因为每个span间有换行或回车，如果我们把它放在同一行，那么间隙就会消失。</p>\n<p>知道原因后，可以通过约定书写方式，强制把他们放到一行来实现去除间隙。然而，这限制性太强，代码也不美观，对有代码洁癖的人来说简直不能忍。</p>\n<p><strong>优雅的解决方法</strong></p>\n<p><strong>1－方法1:</strong></p>\n<pre><code class=\"lang-css\">#demo {\n     font-size:0;\n}\n#demo span {\n     display:inline-block;\n     *display:inline;\n     *zoom:1;\n     font-size:14px;\n}\n</code></pre>\n<p>奇怪？为什么font-size会对间隙有影响。上面已经知道间隙是由换行或回车产生的空白字符所致，既然是字符当然可以用font来控制。</p>\n<p>该方法存在的问题是font-size要被overwrite一次；IE7及以下浏览器依然会残留1px的间隙；较老版本的webkit对小于12px的font-size设置不友好: chrome还可以设置-webkit-text-size-adjust:none用以支持超小字体，Safari即使设置了也无力。</p>\n<p><strong>2-方法2:</strong></p>\n<pre><code class=\"lang-css\">#demo{\n    *padding-left:1px;\n    font-size:0;\n}\n#demo span{\n    display:inline-block;\n    *display:inline;\n    *zoom:1;\n    *margin-left:-1px;\n    font-size:14px;\n}\n</code></pre>\n<p>该方法针对IE7及以下浏览器hack，让每个inline-block的span元素向左负margin一个像素，借此修复IE7及以下浏览器下顽固的残留1px间隙问题。由于span向左margin了-1px，同时需将父元素#demo向左padding 1px，用于抵消位置偏移。</p>\n<p>然而该方法在ie下存在一定隐患性，如果你想让代码变得更健壮，它不会是最佳方法。</p>\n<p><strong>3－方法3:</strong></p>\n<pre><code class=\"lang-css\">#demo{\n    *word-spacing:-1px;\n    font-size:0;\n}\n#demo span{\n    display:inline-block;\n    *display:inline;\n    *zoom:1;\n    word-spacing:normal;\n    font-size:14px;\n}\n</code></pre>\n<p>inline-block之间的间隙是因插入了空白换行或回车符所致，你可能很快就能想起有个<a href=\"http://css.doyoe.com/properties/text/word-spacing.htm\">word-spacing</a>属性是用来处理单词间空白符的。针对IE7及以下浏览器hack，定义word-spacing为-1px，即可修复IE7及以下浏览器下顽固的残留1px间隙问题。</p>\n','font-size:0清除display:inline-block的间隙','delete','0000-00-00 00:00:00','post','**html**\n\n```html\n<div id=\"demo\">\n	<span>我是一个span</span>\n	<span>我是一个span</span>\n	<span>我是一个span</span>\n	<span>我是一个span</span>\n</div>\n```\n\n**css**\n\n```css\n#demo span {\n	display:inline-block;\n}\n```\n\n**效果**\n\n可以看到各个span间是有间隙的。\n\n**间隙由来**\n\n因为每个span间有换行或回车，如果我们把它放在同一行，那么间隙就会消失。\n\n知道原因后，可以通过约定书写方式，强制把他们放到一行来实现去除间隙。然而，这限制性太强，代码也不美观，对有代码洁癖的人来说简直不能忍。\n\n**优雅的解决方法**\n\n**1－方法1:**\n\n```css\n#demo {\n     font-size:0;\n}\n#demo span {\n     display:inline-block;\n     *display:inline;\n	 *zoom:1;\n	 font-size:14px;\n}\n```\n\n奇怪？为什么font-size会对间隙有影响。上面已经知道间隙是由换行或回车产生的空白字符所致，既然是字符当然可以用font来控制。\n\n该方法存在的问题是font-size要被overwrite一次；IE7及以下浏览器依然会残留1px的间隙；较老版本的webkit对小于12px的font-size设置不友好: chrome还可以设置-webkit-text-size-adjust:none用以支持超小字体，Safari即使设置了也无力。\n\n**2-方法2:**\n\n```css\n#demo{\n	*padding-left:1px;\n	font-size:0;\n}\n#demo span{\n	display:inline-block;\n	*display:inline;\n	*zoom:1;\n	*margin-left:-1px;\n	font-size:14px;\n}\n```\n\n该方法针对IE7及以下浏览器hack，让每个inline-block的span元素向左负margin一个像素，借此修复IE7及以下浏览器下顽固的残留1px间隙问题。由于span向左margin了-1px，同时需将父元素#demo向左padding 1px，用于抵消位置偏移。\n\n然而该方法在ie下存在一定隐患性，如果你想让代码变得更健壮，它不会是最佳方法。\n\n**3－方法3:**\n\n```css\n#demo{\n	*word-spacing:-1px;\n	font-size:0;\n}\n#demo span{\n	display:inline-block;\n	*display:inline;\n	*zoom:1;\n	word-spacing:normal;\n	font-size:14px;\n}\n```\n\ninline-block之间的间隙是因插入了空白换行或回车符所致，你可能很快就能想起有个[word-spacing](http://css.doyoe.com/properties/text/word-spacing.htm)属性是用来处理单词间空白符的。针对IE7及以下浏览器hack，定义word-spacing为-1px，即可修复IE7及以下浏览器下顽固的残留1px间隙问题。','','html&lt;divid=&quot;demo&quot;&gt;&lt;span&gt;我是一个span&lt;/span&gt;&lt;span&gt;我是一个span&lt;/span&gt;&lt;span&gt;我是一个span&lt;/span&gt;&lt;span&gt;我是一个span&lt;/span&gt;&lt;/div&gt;',''),(11,1,'2017-03-24 07:58:24','<p>二月如奔驰的马驹，一晃而过。三月带着一股兴盛的动态，强势入住。三月是有力量的，它不容忽视。</p>\n<p>春天在三月里已经丰富饱满，那些生长出来的绿意，在一夜间，就多了许多。</p>\n<p>“阳春百日风在香”，三月的微风带着俏皮吹拂在脸颊，温和的如少女的发丝，飘动着春天里特有的气息。走在三月的风中，有股特别渴望奔跑的想法。我们都经历过逆风飞翔的困难，我们也经过过迎风奔跑的快意。你在风中的样子，最美。</p>\n<p>三月的雨是带着丝线的细，穿透心底的清幽，滋润着大地。小草，野花，树叶，绿枝，还有撑着雨伞的的人。在三月的雨中，是适合思念一个人的。“人间三月雨和尘”，三月的雨带着清凉缠绵，一来就会润了心田。一场雨后，更多春生。</p>\n<p>三月的花，是迷人的。在花海里，抬头间，鼻尖就会触碰着花朵的温柔。颔首处，扑鼻而来的香氛，流动在身边。忍不住的想去，与花共眠。写不尽的花意，流水也在等待着花的垂爱。花期到了，满树的花蕊，把春天装扮的格外美丽。</p>\n<p>在三月里，遇到的人，也都是那么美好的。褪去了厚重的棉衣，每个人都是友好的。每一次相逢，都值得尊重。一定会有人，对你无条件的好，因为这些人懂得你的好。</p>\n<p>更有知交，在你遇到困难的时候，如三月里的阳光，给予你无限的勇气和战胜困难的力量。不是每一段路程都布满鲜花，泥泞处，拉你一把的人，是尊贵的。明媚的三月，让一切都不是问题。</p>\n<p>“时在中春，阳和方起。”到了三月，才真正的暖和起来，可以着单薄的春装。草木也正在翻动绿意，一眨眼，就看到了新芽。</p>\n<p>三月，是个美丽的时节。草长莺飞时，值得去奋斗。</p>\n','阳春三月','publish','0000-00-00 00:00:00','post','二月如奔驰的马驹，一晃而过。三月带着一股兴盛的动态，强势入住。三月是有力量的，它不容忽视。\n\n春天在三月里已经丰富饱满，那些生长出来的绿意，在一夜间，就多了许多。\n\n“阳春百日风在香”，三月的微风带着俏皮吹拂在脸颊，温和的如少女的发丝，飘动着春天里特有的气息。走在三月的风中，有股特别渴望奔跑的想法。我们都经历过逆风飞翔的困难，我们也经过过迎风奔跑的快意。你在风中的样子，最美。\n\n三月的雨是带着丝线的细，穿透心底的清幽，滋润着大地。小草，野花，树叶，绿枝，还有撑着雨伞的的人。在三月的雨中，是适合思念一个人的。“人间三月雨和尘”，三月的雨带着清凉缠绵，一来就会润了心田。一场雨后，更多春生。\n\n三月的花，是迷人的。在花海里，抬头间，鼻尖就会触碰着花朵的温柔。颔首处，扑鼻而来的香氛，流动在身边。忍不住的想去，与花共眠。写不尽的花意，流水也在等待着花的垂爱。花期到了，满树的花蕊，把春天装扮的格外美丽。\n\n在三月里，遇到的人，也都是那么美好的。褪去了厚重的棉衣，每个人都是友好的。每一次相逢，都值得尊重。一定会有人，对你无条件的好，因为这些人懂得你的好。\n\n更有知交，在你遇到困难的时候，如三月里的阳光，给予你无限的勇气和战胜困难的力量。不是每一段路程都布满鲜花，泥泞处，拉你一把的人，是尊贵的。明媚的三月，让一切都不是问题。\n\n“时在中春，阳和方起。”到了三月，才真正的暖和起来，可以着单薄的春装。草木也正在翻动绿意，一眨眼，就看到了新芽。\n\n三月，是个美丽的时节。草长莺飞时，值得去奋斗。','http://img.hb.aicdn.com/05f503e79e197232ac0675f4639cd7459ab4b327bdf37-3HoX31_fw658','二月如奔驰的马驹，一晃而过。三月带着一股兴盛的动态，强势入住。三月是有力量的，它不容忽视。春天在三月里已经丰富饱满，那些生长出来的绿意，在一夜间，就多了许多。“阳春百日风在香”，三月的微风带着俏皮吹拂','http://img.hb.aicdn.com/05f503e79e197232ac0675f4639cd7459ab4b327bdf37-3HoX31_fw658'),(12,1,'2017-03-24 05:39:17','<p>大家好，今天跟大家介绍一个让原生Android也可以做Web开发的开源项目——AndServer。</p>\n<p>github：<a href=\"https://github.com/yanzhenjie/AndServer\">https://github.com/yanzhenjie/AndServer</a></p>\n<p>AndServer是一个Android端的Web服务器，类似Apache或者Tomcat，但又有不同，它是一个普通的Android Library，Android项目Gradle远程依赖或者添加Jar包皆可引入该项目，然后就通过正常Android开发一样开发App了。</p>\n<p>AndServer是用纯Android API写一个库，所以不用任何第三方的库或者什么硬件编译，打成Jar包后仅仅580kb。</p>\n<p>很多人看到这里就有疑问了：它的使用场景是什么？按照国际惯例，我举个栗子：</p>\n<p>某公司公开了一款TV APP，可以安装在电视或者盒子上，有一个功能是这样的：<br>APP安装在电视上打开后，会生成一个唯一ID，用户用微信扫码通过公司提供的公众号和该电视上的该APP绑定，用户通过公众号打开一个H5页面，这个页面可以上传图片或者视频到服务器，服务器检测到该用户和某个屏幕的APP绑定，动态把用户发送的图片或者视频发送到电视播放。<br>这样一个功能是很好的体验，但是耗费服务器资源、远端上传、远端下载也都需要时间，还不如我直接用U盘拷贝到电视呢。那么如果我通过网页在局域网直接把视频或者图片发送到电视上的APP播放，岂不是更加直接快捷？<br>当然大部分同学可能很少接触到APP之间互相在局域网通信、局域网上传下载、局域网登录这样的需求，还有很多栗子我就不举了，下面开始正式安利。</p>\n<p>特点<br>接受客户端文件上传、下载文件。<br>动态Http API，就像Java的Servlet一样写接口。<br>部署静态网站，例如纯Html，支持JS、CSS、Image分离。<br>部署动态网站，例如Html表单，当然可以结合上面的Android Http接口。<br>基本上和Java的Servlet一样的功能，如果你做过Java开发或者其它语言的Web开发应该就很熟悉了。</p>\n<p>依赖<br>Gradle</p>\n<p>compile ‘com.yanzhenjie:andserver:1.0.2’<br>Maven</p>\n<p>&lt;dependency&gt;</p>\n<p>&lt;groupId&gt;com.yanzhenjie&lt;/groupId&gt;</p>\n<p>&lt;artifactId&gt;andserver&lt;/artifactId&gt;</p>\n<p>&lt;version&gt;1.0.2&lt;/version&gt;</p>\n<p>&lt;type&gt;pom&lt;/type&gt;<br>&lt;/dependency&gt;<br>ADT，可以去AndServer主页下载Jar包。</p>\n<p>使用方法<br>最好的教程是sample，建议到AndServer主页下载sample运行查看效果，然后结合README就更加清晰了。</p>\n<p>创建服务器</p>\n<p>AndServer andServer = new AndServer.Build()<br>    …<br>    .build();</p>\n<p>// 创建服务器。<br>Server mServer = andServer.createServer();<br>…</p>\n<p>// 启动服务器。<br>mServer.start();<br>…</p>\n<p>// 停止服务器。<br>mServer.stop();<br>…</p>\n<p>// 服务器正在运行吗？<br>boolean running = mServer.isRunning();<br>端口号和响应超时设置</p>\n<p>AndServer andServer = new AndServer.Build()<br>    .port(8080) // 默认是8080，Android平台允许的端口号都可以。<br>    .timeout(10 <em> 1000) // 默认10 </em> 1000毫秒。<br>    …<br>    .build();<br>…<br>部署网站</p>\n<p>部署网站是通过Website接口，你也可以自己实现这个接口，当然AndServer已经提供了两个默认实现：</p>\n<p>AssetsWebsite<br>StorageWebsite<br>如果用上面两个实现注册你的网站，那么你的默认首页（index.html）是：</p>\n<p><a href=\"http://ip:port/\">http://ip:port/</a><br><a href=\"http://ip:port/youPath\">http://ip:port/youPath</a><br><a href=\"http://ip:port/youPath/index.html\">http://ip:port/youPath/index.html</a><br>注册网站到AndServer</p>\n<p>Wesite wesite = new AssetsWebsite(AssetManager, youPath);<br>// 或者<br>Wesite wesite = new StorageWebsite(youPath);</p>\n<p>AndServer andServer = new AndServer.Build()<br>    …<br>    .website(wesite);<br>    .build();</p>\n','原生Android也能做Web开发了','delete','0000-00-00 00:00:00','post','大家好，今天跟大家介绍一个让原生Android也可以做Web开发的开源项目——AndServer。\n\ngithub：https://github.com/yanzhenjie/AndServer\n\nAndServer是一个Android端的Web服务器，类似Apache或者Tomcat，但又有不同，它是一个普通的Android Library，Android项目Gradle远程依赖或者添加Jar包皆可引入该项目，然后就通过正常Android开发一样开发App了。\n\nAndServer是用纯Android API写一个库，所以不用任何第三方的库或者什么硬件编译，打成Jar包后仅仅580kb。\n\n很多人看到这里就有疑问了：它的使用场景是什么？按照国际惯例，我举个栗子：\n\n某公司公开了一款TV APP，可以安装在电视或者盒子上，有一个功能是这样的：\nAPP安装在电视上打开后，会生成一个唯一ID，用户用微信扫码通过公司提供的公众号和该电视上的该APP绑定，用户通过公众号打开一个H5页面，这个页面可以上传图片或者视频到服务器，服务器检测到该用户和某个屏幕的APP绑定，动态把用户发送的图片或者视频发送到电视播放。\n这样一个功能是很好的体验，但是耗费服务器资源、远端上传、远端下载也都需要时间，还不如我直接用U盘拷贝到电视呢。那么如果我通过网页在局域网直接把视频或者图片发送到电视上的APP播放，岂不是更加直接快捷？\n当然大部分同学可能很少接触到APP之间互相在局域网通信、局域网上传下载、局域网登录这样的需求，还有很多栗子我就不举了，下面开始正式安利。\n\n特点\n接受客户端文件上传、下载文件。\n动态Http API，就像Java的Servlet一样写接口。\n部署静态网站，例如纯Html，支持JS、CSS、Image分离。\n部署动态网站，例如Html表单，当然可以结合上面的Android Http接口。\n基本上和Java的Servlet一样的功能，如果你做过Java开发或者其它语言的Web开发应该就很熟悉了。\n\n依赖\nGradle\n\ncompile \'com.yanzhenjie:andserver:1.0.2\'\nMaven\n\n<dependency>\n<groupId>com.yanzhenjie</groupId>\n<artifactId>andserver</artifactId>\n<version>1.0.2</version>\n<type>pom</type>\n</dependency>\nADT，可以去AndServer主页下载Jar包。\n\n使用方法\n最好的教程是sample，建议到AndServer主页下载sample运行查看效果，然后结合README就更加清晰了。\n\n创建服务器\n\nAndServer andServer = new AndServer.Build()\n    ...\n    .build();\n\n// 创建服务器。\nServer mServer = andServer.createServer();\n...\n\n// 启动服务器。\nmServer.start();\n...\n\n// 停止服务器。\nmServer.stop();\n...\n\n// 服务器正在运行吗？\nboolean running = mServer.isRunning();\n端口号和响应超时设置\n\nAndServer andServer = new AndServer.Build()\n    .port(8080) // 默认是8080，Android平台允许的端口号都可以。\n    .timeout(10 * 1000) // 默认10 * 1000毫秒。\n    ...\n    .build();\n...\n部署网站\n\n部署网站是通过Website接口，你也可以自己实现这个接口，当然AndServer已经提供了两个默认实现：\n\nAssetsWebsite\nStorageWebsite\n如果用上面两个实现注册你的网站，那么你的默认首页（index.html）是：\n\nhttp://ip:port/\nhttp://ip:port/youPath\nhttp://ip:port/youPath/index.html\n注册网站到AndServer\n\nWesite wesite = new AssetsWebsite(AssetManager, youPath);\n// 或者\nWesite wesite = new StorageWebsite(youPath);\n\nAndServer andServer = new AndServer.Build()\n    ...\n    .website(wesite);\n    .build();','https://dn-mhke0kuv.qbox.me/780363468edd75914518.jpg','大家好，今天跟大家介绍一个让原生Android也可以做Web开发的开源项目——AndServer。github：https://github.com/yanzhenjie/AndServerAndServer是一个Android端的Web服务器，类似A','https://dn-mhke0kuv.qbox.me/780363468edd75914518.jpg'),(13,1,'2017-03-24 05:40:52','<p>大家好，今天跟大家介绍一个让原生Android也可以做Web开发的开源项目——AndServer。</p>\n<p>github：<a href=\"https://github.com/yanzhenjie/AndServer\">https://github.com/yanzhenjie/AndServer</a></p>\n<p>AndServer是一个Android端的Web服务器，类似Apache或者Tomcat，但又有不同，它是一个普通的Android Library，Android项目Gradle远程依赖或者添加Jar包皆可引入该项目，然后就通过正常Android开发一样开发App了。</p>\n<p>AndServer是用纯Android API写一个库，所以不用任何第三方的库或者什么硬件编译，打成Jar包后仅仅580kb。</p>\n<p>很多人看到这里就有疑问了：它的使用场景是什么？按照国际惯例，我举个栗子：</p>\n<p>某公司公开了一款TV APP，可以安装在电视或者盒子上，有一个功能是这样的：<br>APP安装在电视上打开后，会生成一个唯一ID，用户用微信扫码通过公司提供的公众号和该电视上的该APP绑定，用户通过公众号打开一个H5页面，这个页面可以上传图片或者视频到服务器，服务器检测到该用户和某个屏幕的APP绑定，动态把用户发送的图片或者视频发送到电视播放。<br>这样一个功能是很好的体验，但是耗费服务器资源、远端上传、远端下载也都需要时间，还不如我直接用U盘拷贝到电视呢。那么如果我通过网页在局域网直接把视频或者图片发送到电视上的APP播放，岂不是更加直接快捷？<br>当然大部分同学可能很少接触到APP之间互相在局域网通信、局域网上传下载、局域网登录这样的需求，还有很多栗子我就不举了，下面开始正式安利。</p>\n<p>特点<br>接受客户端文件上传、下载文件。<br>动态Http API，就像Java的Servlet一样写接口。<br>部署静态网站，例如纯Html，支持JS、CSS、Image分离。<br>部署动态网站，例如Html表单，当然可以结合上面的Android Http接口。<br>基本上和Java的Servlet一样的功能，如果你做过Java开发或者其它语言的Web开发应该就很熟悉了。</p>\n<p>依赖<br>Gradle</p>\n<p>compile ‘com.yanzhenjie:andserver:1.0.2’<br>Maven</p>\n<pre><code>&lt;dependency&gt;\n&lt;groupId&gt;com.yanzhenjie&lt;/groupId&gt;\n&lt;artifactId&gt;andserver&lt;/artifactId&gt;\n&lt;version&gt;1.0.2&lt;/version&gt;\n&lt;type&gt;pom&lt;/type&gt;\n&lt;/dependency&gt;\n</code></pre><p>ADT，可以去AndServer主页下载Jar包。</p>\n<p>使用方法<br>最好的教程是sample，建议到AndServer主页下载sample运行查看效果，然后结合README就更加清晰了。</p>\n<p>创建服务器</p>\n<p>AndServer andServer = new AndServer.Build()<br>    …<br>    .build();</p>\n<p>// 创建服务器。</p>\n<pre><code>Server mServer = andServer.createServer();\n</code></pre><p>// 启动服务器。</p>\n<pre><code>mServer.start();\n</code></pre><p>// 停止服务器。</p>\n<pre><code>mServer.stop();\n</code></pre><p>// 服务器正在运行吗？<br>boolean running = mServer.isRunning();<br>端口号和响应超时设置</p>\n<pre><code>AndServer andServer = new AndServer.Build()\n    .port(8080) // 默认是8080，Android平台允许的端口号都可以。\n    .timeout(10 * 1000) // 默认10 * 1000毫秒。\n    ...\n    .build();\n</code></pre><p>部署网站</p>\n<p>部署网站是通过Website接口，你也可以自己实现这个接口，当然AndServer已经提供了两个默认实现：</p>\n<p>AssetsWebsite<br>StorageWebsite<br>如果用上面两个实现注册你的网站，那么你的默认首页（index.html）是：</p>\n<p><a href=\"http://ip:port/\">http://ip:port/</a><br><a href=\"http://ip:port/youPath\">http://ip:port/youPath</a><br><a href=\"http://ip:port/youPath/index.html\">http://ip:port/youPath/index.html</a><br>注册网站到AndServer</p>\n<pre><code>Wesite wesite = new AssetsWebsite(AssetManager, youPath);\n// 或者\nWesite wesite = new StorageWebsite(youPath);\n\nAndServer andServer = new AndServer.Build()\n    .website(wesite);\n    .build();\n</code></pre>','原生Android也能做Web开发了','publish','0000-00-00 00:00:00','post','大家好，今天跟大家介绍一个让原生Android也可以做Web开发的开源项目——AndServer。\n\ngithub：https://github.com/yanzhenjie/AndServer\n\nAndServer是一个Android端的Web服务器，类似Apache或者Tomcat，但又有不同，它是一个普通的Android Library，Android项目Gradle远程依赖或者添加Jar包皆可引入该项目，然后就通过正常Android开发一样开发App了。\n\nAndServer是用纯Android API写一个库，所以不用任何第三方的库或者什么硬件编译，打成Jar包后仅仅580kb。\n\n很多人看到这里就有疑问了：它的使用场景是什么？按照国际惯例，我举个栗子：\n\n某公司公开了一款TV APP，可以安装在电视或者盒子上，有一个功能是这样的：\nAPP安装在电视上打开后，会生成一个唯一ID，用户用微信扫码通过公司提供的公众号和该电视上的该APP绑定，用户通过公众号打开一个H5页面，这个页面可以上传图片或者视频到服务器，服务器检测到该用户和某个屏幕的APP绑定，动态把用户发送的图片或者视频发送到电视播放。\n这样一个功能是很好的体验，但是耗费服务器资源、远端上传、远端下载也都需要时间，还不如我直接用U盘拷贝到电视呢。那么如果我通过网页在局域网直接把视频或者图片发送到电视上的APP播放，岂不是更加直接快捷？\n当然大部分同学可能很少接触到APP之间互相在局域网通信、局域网上传下载、局域网登录这样的需求，还有很多栗子我就不举了，下面开始正式安利。\n\n特点\n接受客户端文件上传、下载文件。\n动态Http API，就像Java的Servlet一样写接口。\n部署静态网站，例如纯Html，支持JS、CSS、Image分离。\n部署动态网站，例如Html表单，当然可以结合上面的Android Http接口。\n基本上和Java的Servlet一样的功能，如果你做过Java开发或者其它语言的Web开发应该就很熟悉了。\n\n依赖\nGradle\n\ncompile \'com.yanzhenjie:andserver:1.0.2\'\nMaven\n```\n<dependency>\n<groupId>com.yanzhenjie</groupId>\n<artifactId>andserver</artifactId>\n<version>1.0.2</version>\n<type>pom</type>\n</dependency>\n```\nADT，可以去AndServer主页下载Jar包。\n\n使用方法\n最好的教程是sample，建议到AndServer主页下载sample运行查看效果，然后结合README就更加清晰了。\n\n创建服务器\n\nAndServer andServer = new AndServer.Build()\n    ...\n    .build();\n\n// 创建服务器。\n```\nServer mServer = andServer.createServer();\n```\n\n// 启动服务器。\n```\nmServer.start();\n```\n\n// 停止服务器。\n```\nmServer.stop();\n```\n\n// 服务器正在运行吗？\nboolean running = mServer.isRunning();\n端口号和响应超时设置\n```\nAndServer andServer = new AndServer.Build()\n    .port(8080) // 默认是8080，Android平台允许的端口号都可以。\n    .timeout(10 * 1000) // 默认10 * 1000毫秒。\n    ...\n    .build();\n```\n部署网站\n\n部署网站是通过Website接口，你也可以自己实现这个接口，当然AndServer已经提供了两个默认实现：\n\nAssetsWebsite\nStorageWebsite\n如果用上面两个实现注册你的网站，那么你的默认首页（index.html）是：\n\nhttp://ip:port/\nhttp://ip:port/youPath\nhttp://ip:port/youPath/index.html\n注册网站到AndServer\n```\nWesite wesite = new AssetsWebsite(AssetManager, youPath);\n// 或者\nWesite wesite = new StorageWebsite(youPath);\n\nAndServer andServer = new AndServer.Build()\n    .website(wesite);\n    .build();\n```','https://dn-mhke0kuv.qbox.me/780363468edd75914518.jpg','大家好，今天跟大家介绍一个让原生Android也可以做Web开发的开源项目——AndServer。github：https://github.com/yanzhenjie/AndServerAndServer是一个Android端的Web服务器，类似A','https://dn-mhke0kuv.qbox.me/780363468edd75914518.jpg');
/*!40000 ALTER TABLE `vino_blog_posts` ENABLE KEYS */;
UNLOCK TABLES;

--
-- Table structure for table `vino_blog_setting`
--

DROP TABLE IF EXISTS `vino_blog_setting`;
/*!40101 SET @saved_cs_client     = @@character_set_client */;
/*!40101 SET character_set_client = utf8 */;
CREATE TABLE `vino_blog_setting` (
  `id` smallint(2) unsigned NOT NULL AUTO_INCREMENT,
  `site_title` varchar(255) NOT NULL DEFAULT '',
  `site_desc` varchar(255) NOT NULL DEFAULT '',
  `site_email` varchar(255) NOT NULL DEFAULT '',
  `site_logo` varchar(255) NOT NULL DEFAULT '',
  `site_thumbnail` varchar(255) NOT NULL DEFAULT '',
  `banner1` varchar(255) NOT NULL DEFAULT '',
  `banner2` varchar(255) NOT NULL DEFAULT '',
  `banner3` varchar(255) NOT NULL DEFAULT '',
  `banner4` varchar(255) NOT NULL DEFAULT '',
  `register_open` smallint(2) NOT NULL DEFAULT '1',
  PRIMARY KEY (`id`)
) ENGINE=InnoDB AUTO_INCREMENT=2 DEFAULT CHARSET=utf8;
/*!40101 SET character_set_client = @saved_cs_client */;

--
-- Dumping data for table `vino_blog_setting`
--

LOCK TABLES `vino_blog_setting` WRITE;
/*!40000 ALTER TABLE `vino_blog_setting` DISABLE KEYS */;
INSERT INTO `vino_blog_setting` VALUES (1,'vino_blog是一款支持markdown编辑器的博客管理系统','vino_blog能帮助你快速创建一个博客网站，它完美支持了markdown编辑器，在使用体验上达到了一个傻瓜式的用户体验，对于作者来说无需关注代码，只需要专心写字就好','531532957@qq.com','https://jacoobwang.github.io/vino/logo.png','https://placeholdit.imgix.net/~text?txtsize=33&txt=400%C3%97250&w=400&h=250','http://localhost/vino_blog/post/4','http://localhost:8080/post/6','','',1);
/*!40000 ALTER TABLE `vino_blog_setting` ENABLE KEYS */;
UNLOCK TABLES;

--
-- Table structure for table `vino_blog_users`
--

DROP TABLE IF EXISTS `vino_blog_users`;
/*!40101 SET @saved_cs_client     = @@character_set_client */;
/*!40101 SET character_set_client = utf8 */;
CREATE TABLE `vino_blog_users` (
  `id` int(10) unsigned NOT NULL AUTO_INCREMENT,
  `user_login` varchar(255) NOT NULL DEFAULT '',
  `user_pass` varchar(255) NOT NULL DEFAULT '',
  `user_nickname` varchar(255) NOT NULL DEFAULT '',
  `user_email` varchar(255) NOT NULL DEFAULT '',
  `user_registered` datetime NOT NULL DEFAULT '0000-00-00 00:00:00',
  `user_avatar` varchar(255) DEFAULT '',
  `user_profile` varchar(2000) NOT NULL DEFAULT '',
  `user_power` varchar(20) NOT NULL DEFAULT 'guest',
  `user_github` varchar(255) NOT NULL DEFAULT '',
  `user_weibo` varchar(255) NOT NULL DEFAULT '',
  PRIMARY KEY (`id`),
  KEY `user_login` (`user_login`)
) ENGINE=InnoDB AUTO_INCREMENT=2 DEFAULT CHARSET=utf8;
/*!40101 SET character_set_client = @saved_cs_client */;

--
-- Dumping data for table `vino_blog_users`
--

LOCK TABLES `vino_blog_users` WRITE;
/*!40000 ALTER TABLE `vino_blog_users` DISABLE KEYS */;
INSERT INTO `vino_blog_users` VALUES (1,'jacoob','b527d1e826a99f20cfe0a5966c1a557a','Jacoob','531532957@qq.com','2017-01-18 18:07:44','https://avatars2.githubusercontent.com/u/11434315?v=3&s=460','我是Jacoob，Vino及Vino-blog的作者，欢迎您使用Vino-blog来创建自己的博客，若有什么疑问，欢迎我联系。\n\n我不想成为一个庸俗的人。十年百年后，当我们死去，质疑我们的人同样死去，后人看到的是裹足不前、原地打转的你，还是一直奔跑、走到远方的我？','admin','https://github.com/jacoobwang','http://weibo.com/loadphp');
/*!40000 ALTER TABLE `vino_blog_users` ENABLE KEYS */;
UNLOCK TABLES;
/*!40103 SET TIME_ZONE=@OLD_TIME_ZONE */;

/*!40101 SET SQL_MODE=@OLD_SQL_MODE */;
/*!40014 SET FOREIGN_KEY_CHECKS=@OLD_FOREIGN_KEY_CHECKS */;
/*!40014 SET UNIQUE_CHECKS=@OLD_UNIQUE_CHECKS */;
/*!40101 SET CHARACTER_SET_CLIENT=@OLD_CHARACTER_SET_CLIENT */;
/*!40101 SET CHARACTER_SET_RESULTS=@OLD_CHARACTER_SET_RESULTS */;
/*!40101 SET COLLATION_CONNECTION=@OLD_COLLATION_CONNECTION */;
/*!40111 SET SQL_NOTES=@OLD_SQL_NOTES */;

-- Dump completed on 2017-03-24 20:30:11
